"att_id","emp_id","date","check_in","check_out","total_hours","status","notes","created_at"
781,1,2025-05-27,,,0.00,absent,,2025-05-26 16:15:13.431
755,1,2025-05-25,,,0.00,absent,,2025-05-26 16:15:13.431
1,1,2025-03-02,08:30:00,17:30:00,8.00,present,,2025-05-26 16:15:13.431
2,2,2025-03-02,08:15:00,17:45:00,8.50,present,,2025-05-26 16:15:13.431
3,3,2025-03-02,08:35:00,17:30:00,7.92,present,,2025-05-26 16:15:13.431
4,4,2025-03-02,08:30:00,17:30:00,8.00,present,,2025-05-26 16:15:13.431
5,5,2025-03-02,08:30:00,17:30:00,8.00,present,,2025-05-26 16:15:13.431
6,6,2025-03-02,08:30:00,17:30:00,8.00,present,,2025-05-26 16:15:13.431
7,7,2025-03-02,08:30:00,17:30:00,8.00,present,,2025-05-26 16:15:13.431
8,8,2025-03-02,08:30:00,17:30:00,8.00,present,,2025-05-26 16:15:13.431
9,9,2025-03-02,08:30:00,17:30:00,8.00,present,,2025-05-26 16:15:13.431
10,10,2025-03-02,08:30:00,17:30:00,8.00,present,,2025-05-26 16:15:13.431
11,11,2025-03-02,08:30:00,17:30:00,8.00,present,,2025-05-26 16:15:13.431
12,12,2025-03-02,08:30:00,17:30:00,8.00,present,,2025-05-26 16:15:13.431
13,13,2025-03-02,08:30:00,17:30:00,8.00,present,,2025-05-26 16:15:13.431
14,1,2025-03-03,08:45:00,17:30:00,7.75,late,,2025-05-26 16:15:13.431
15,2,2025-03-03,08:30:00,17:30:00,8.00,present,,2025-05-26 16:15:13.431
16,3,2025-03-03,08:30:00,17:30:00,8.00,present,,2025-05-26 16:15:13.431
17,4,2025-03-03,08:30:00,17:30:00,8.00,present,,2025-05-26 16:15:13.431
18,5,2025-03-03,08:30:00,17:30:00,8.00,present,,2025-05-26 16:15:13.431
19,6,2025-03-03,08:30:00,17:30:00,8.00,present,,2025-05-26 16:15:13.431
20,7,2025-03-03,08:30:00,17:30:00,8.00,present,,2025-05-26 16:15:13.431
21,8,2025-03-03,08:30:00,17:30:00,8.00,present,,2025-05-26 16:15:13.431
22,9,2025-03-03,08:30:00,17:30:00,8.00,present,,2025-05-26 16:15:13.431
23,10,2025-03-03,08:30:00,17:30:00,8.00,present,,2025-05-26 16:15:13.431
24,11,2025-03-03,08:30:00,17:30:00,8.00,present,,2025-05-26 16:15:13.431
25,12,2025-03-03,08:30:00,17:30:00,8.00,present,,2025-05-26 16:15:13.431
26,13,2025-03-03,08:30:00,17:30:00,8.00,present,,2025-05-26 16:15:13.431
27,1,2025-03-04,08:30:00,17:30:00,8.00,present,,2025-05-26 16:15:13.431
28,2,2025-03-04,08:30:00,17:30:00,8.00,present,,2025-05-26 16:15:13.431
29,3,2025-03-04,09:00:00,17:30:00,7.50,late,,2025-05-26 16:15:13.431
30,4,2025-03-04,08:30:00,17:30:00,8.00,present,,2025-05-26 16:15:13.431
31,5,2025-03-04,08:30:00,17:30:00,8.00,present,,2025-05-26 16:15:13.431
32,6,2025-03-04,08:30:00,17:30:00,8.00,present,,2025-05-26 16:15:13.431
33,7,2025-03-04,08:30:00,17:30:00,8.00,present,,2025-05-26 16:15:13.431
34,8,2025-03-04,08:30:00,17:30:00,8.00,present,,2025-05-26 16:15:13.431
35,9,2025-03-04,08:30:00,17:30:00,8.00,present,,2025-05-26 16:15:13.431
36,10,2025-03-04,08:30:00,17:30:00,8.00,present,,2025-05-26 16:15:13.431
37,11,2025-03-04,08:30:00,17:30:00,8.00,present,,2025-05-26 16:15:13.431
38,12,2025-03-04,08:30:00,17:30:00,8.00,present,,2025-05-26 16:15:13.431
39,13,2025-03-04,08:30:00,17:30:00,8.00,present,,2025-05-26 16:15:13.431
40,1,2025-03-05,08:30:00,17:30:00,8.00,present,,2025-05-26 16:15:13.431
41,2,2025-03-05,08:30:00,17:30:00,8.00,present,,2025-05-26 16:15:13.431
42,3,2025-03-05,08:30:00,17:30:00,8.00,present,,2025-05-26 16:15:13.431
43,4,2025-03-05,08:30:00,17:30:00,8.00,present,,2025-05-26 16:15:13.431
44,5,2025-03-05,08:30:00,17:30:00,8.00,present,,2025-05-26 16:15:13.431
45,6,2025-03-05,08:30:00,17:30:00,8.00,present,,2025-05-26 16:15:13.431
46,7,2025-03-05,08:30:00,17:30:00,8.00,present,,2025-05-26 16:15:13.431
47,8,2025-03-05,08:30:00,17:30:00,8.00,present,,2025-05-26 16:15:13.431
48,9,2025-03-05,08:30:00,17:30:00,8.00,present,,2025-05-26 16:15:13.431
49,10,2025-03-05,08:30:00,17:30:00,8.00,present,,2025-05-26 16:15:13.431
50,11,2025-03-05,08:30:00,17:30:00,8.00,present,,2025-05-26 16:15:13.431
51,12,2025-03-05,08:30:00,17:30:00,8.00,present,,2025-05-26 16:15:13.431
52,13,2025-03-05,08:30:00,17:30:00,8.00,present,,2025-05-26 16:15:13.431
53,1,2025-03-08,,,0.00,absent,,2025-05-26 16:15:13.431
54,2,2025-03-08,08:30:00,17:30:00,8.00,present,,2025-05-26 16:15:13.431
55,3,2025-03-08,08:30:00,17:30:00,8.00,present,,2025-05-26 16:15:13.431
56,4,2025-03-08,08:30:00,17:30:00,8.00,present,,2025-05-26 16:15:13.431
57,5,2025-03-08,08:30:00,17:30:00,8.00,present,,2025-05-26 16:15:13.431
58,6,2025-03-08,08:30:00,17:30:00,8.00,present,,2025-05-26 16:15:13.431
59,7,2025-03-08,08:30:00,17:30:00,8.00,present,,2025-05-26 16:15:13.431
60,8,2025-03-08,08:30:00,17:30:00,8.00,present,,2025-05-26 16:15:13.431
61,9,2025-03-08,08:30:00,17:30:00,8.00,present,,2025-05-26 16:15:13.431
62,10,2025-03-08,08:30:00,17:30:00,8.00,present,,2025-05-26 16:15:13.431
63,11,2025-03-08,08:30:00,17:30:00,8.00,present,,2025-05-26 16:15:13.431
64,12,2025-03-08,08:30:00,17:30:00,8.00,present,,2025-05-26 16:15:13.431
65,13,2025-03-08,08:30:00,17:30:00,8.00,present,,2025-05-26 16:15:13.431
66,1,2025-03-09,08:30:00,17:30:00,8.00,present,,2025-05-26 16:15:13.431
67,2,2025-03-09,08:30:00,17:30:00,8.00,present,,2025-05-26 16:15:13.431
68,3,2025-03-09,08:30:00,17:30:00,8.00,present,,2025-05-26 16:15:13.431
69,4,2025-03-09,08:30:00,17:30:00,8.00,present,,2025-05-26 16:15:13.431
70,5,2025-03-09,08:30:00,17:30:00,8.00,present,,2025-05-26 16:15:13.431
71,6,2025-03-09,08:30:00,17:30:00,8.00,present,,2025-05-26 16:15:13.431
72,7,2025-03-09,08:30:00,17:30:00,8.00,present,,2025-05-26 16:15:13.431
73,8,2025-03-09,08:30:00,17:30:00,8.00,present,,2025-05-26 16:15:13.431
74,9,2025-03-09,08:30:00,17:30:00,8.00,present,,2025-05-26 16:15:13.431
75,10,2025-03-09,08:30:00,17:30:00,8.00,present,,2025-05-26 16:15:13.431
76,11,2025-03-09,08:30:00,17:30:00,8.00,present,,2025-05-26 16:15:13.431
77,12,2025-03-09,08:30:00,17:30:00,8.00,present,,2025-05-26 16:15:13.431
78,13,2025-03-09,08:30:00,17:30:00,8.00,present,,2025-05-26 16:15:13.431
79,1,2025-03-10,08:30:00,17:30:00,8.00,present,,2025-05-26 16:15:13.431
80,2,2025-03-10,08:30:00,17:30:00,8.00,present,,2025-05-26 16:15:13.431
81,3,2025-03-10,08:30:00,17:30:00,8.00,present,,2025-05-26 16:15:13.431
82,4,2025-03-10,08:30:00,17:30:00,8.00,present,,2025-05-26 16:15:13.431
83,5,2025-03-10,08:30:00,17:30:00,8.00,present,,2025-05-26 16:15:13.431
84,6,2025-03-10,08:30:00,17:30:00,8.00,present,,2025-05-26 16:15:13.431
85,7,2025-03-10,,,0.00,absent,,2025-05-26 16:15:13.431
86,8,2025-03-10,08:30:00,17:30:00,8.00,present,,2025-05-26 16:15:13.431
87,9,2025-03-10,08:30:00,17:30:00,8.00,present,,2025-05-26 16:15:13.431
88,10,2025-03-10,08:30:00,17:30:00,8.00,present,,2025-05-26 16:15:13.431
89,11,2025-03-10,08:30:00,17:30:00,8.00,present,,2025-05-26 16:15:13.431
90,12,2025-03-10,08:30:00,17:30:00,8.00,present,,2025-05-26 16:15:13.431
91,13,2025-03-10,08:30:00,17:30:00,8.00,present,,2025-05-26 16:15:13.431
92,1,2025-03-11,08:30:00,17:30:00,8.00,present,,2025-05-26 16:15:13.431
93,2,2025-03-11,08:30:00,17:30:00,8.00,present,,2025-05-26 16:15:13.431
94,3,2025-03-11,08:30:00,17:30:00,8.00,present,,2025-05-26 16:15:13.431
95,4,2025-03-11,08:30:00,17:30:00,8.00,present,,2025-05-26 16:15:13.431
96,5,2025-03-11,08:30:00,17:30:00,8.00,present,,2025-05-26 16:15:13.431
97,6,2025-03-11,08:30:00,17:30:00,8.00,present,,2025-05-26 16:15:13.431
98,7,2025-03-11,08:30:00,17:30:00,8.00,present,,2025-05-26 16:15:13.431
99,8,2025-03-11,08:30:00,17:30:00,8.00,present,,2025-05-26 16:15:13.431
100,9,2025-03-11,08:30:00,17:30:00,8.00,present,,2025-05-26 16:15:13.431
101,10,2025-03-11,08:30:00,17:30:00,8.00,present,,2025-05-26 16:15:13.431
102,11,2025-03-11,08:30:00,17:30:00,8.00,present,,2025-05-26 16:15:13.431
103,12,2025-03-11,08:30:00,17:30:00,8.00,present,,2025-05-26 16:15:13.431
104,13,2025-03-11,08:30:00,17:30:00,8.00,present,,2025-05-26 16:15:13.431
105,1,2025-03-12,08:30:00,17:30:00,8.00,present,,2025-05-26 16:15:13.431
106,2,2025-03-12,08:30:00,17:30:00,8.00,present,,2025-05-26 16:15:13.431
107,3,2025-03-12,08:30:00,17:30:00,8.00,present,,2025-05-26 16:15:13.431
108,4,2025-03-12,08:30:00,17:30:00,8.00,present,,2025-05-26 16:15:13.431
109,5,2025-03-12,08:30:00,17:30:00,8.00,present,,2025-05-26 16:15:13.431
110,6,2025-03-12,08:30:00,17:30:00,8.00,present,,2025-05-26 16:15:13.431
111,7,2025-03-12,08:30:00,17:30:00,8.00,present,,2025-05-26 16:15:13.431
112,8,2025-03-12,08:30:00,17:30:00,8.00,present,,2025-05-26 16:15:13.431
113,9,2025-03-12,08:30:00,17:30:00,8.00,present,,2025-05-26 16:15:13.431
114,10,2025-03-12,08:30:00,17:30:00,8.00,present,,2025-05-26 16:15:13.431
115,11,2025-03-12,08:30:00,17:30:00,8.00,present,,2025-05-26 16:15:13.431
116,12,2025-03-12,08:30:00,17:30:00,8.00,present,,2025-05-26 16:15:13.431
117,13,2025-03-12,08:30:00,17:30:00,8.00,present,,2025-05-26 16:15:13.431
118,1,2025-03-16,08:30:00,17:30:00,8.00,present,,2025-05-26 16:15:13.431
119,2,2025-03-16,08:30:00,17:30:00,8.00,present,,2025-05-26 16:15:13.431
120,3,2025-03-16,08:30:00,17:30:00,8.00,present,,2025-05-26 16:15:13.431
121,4,2025-03-16,08:30:00,17:30:00,8.00,present,,2025-05-26 16:15:13.431
122,5,2025-03-16,08:30:00,17:30:00,8.00,present,,2025-05-26 16:15:13.431
123,6,2025-03-16,08:30:00,17:30:00,8.00,present,,2025-05-26 16:15:13.431
124,7,2025-03-16,08:30:00,17:30:00,8.00,present,,2025-05-26 16:15:13.431
125,8,2025-03-16,08:30:00,17:30:00,8.00,present,,2025-05-26 16:15:13.431
126,9,2025-03-16,08:30:00,17:30:00,8.00,present,,2025-05-26 16:15:13.431
127,10,2025-03-16,08:30:00,17:30:00,8.00,present,,2025-05-26 16:15:13.431
128,11,2025-03-16,08:30:00,17:30:00,8.00,present,,2025-05-26 16:15:13.431
129,12,2025-03-16,08:30:00,17:30:00,8.00,present,,2025-05-26 16:15:13.431
130,13,2025-03-16,08:30:00,17:30:00,8.00,present,,2025-05-26 16:15:13.431
131,1,2025-03-17,08:30:00,17:30:00,8.00,present,,2025-05-26 16:15:13.431
132,2,2025-03-17,08:30:00,17:30:00,8.00,present,,2025-05-26 16:15:13.431
133,3,2025-03-17,08:30:00,17:30:00,8.00,present,,2025-05-26 16:15:13.431
134,4,2025-03-17,08:30:00,17:30:00,8.00,present,,2025-05-26 16:15:13.431
135,5,2025-03-17,08:30:00,17:30:00,8.00,present,,2025-05-26 16:15:13.431
136,6,2025-03-17,08:30:00,17:30:00,8.00,present,,2025-05-26 16:15:13.431
137,7,2025-03-17,08:30:00,17:30:00,8.00,present,,2025-05-26 16:15:13.431
138,8,2025-03-17,08:30:00,17:30:00,8.00,present,,2025-05-26 16:15:13.431
139,9,2025-03-17,08:30:00,17:30:00,8.00,present,,2025-05-26 16:15:13.431
140,10,2025-03-17,08:30:00,17:30:00,8.00,present,,2025-05-26 16:15:13.431
141,11,2025-03-17,08:30:00,17:30:00,8.00,present,,2025-05-26 16:15:13.431
142,12,2025-03-17,08:30:00,17:30:00,8.00,present,,2025-05-26 16:15:13.431
143,13,2025-03-17,08:30:00,17:30:00,8.00,present,,2025-05-26 16:15:13.431
144,1,2025-03-18,08:30:00,17:30:00,8.00,present,,2025-05-26 16:15:13.431
145,2,2025-03-18,08:30:00,17:30:00,8.00,present,,2025-05-26 16:15:13.431
146,3,2025-03-18,08:30:00,17:30:00,8.00,present,,2025-05-26 16:15:13.431
147,4,2025-03-18,08:30:00,17:30:00,8.00,present,,2025-05-26 16:15:13.431
148,5,2025-03-18,08:30:00,17:30:00,8.00,present,,2025-05-26 16:15:13.431
149,6,2025-03-18,08:30:00,17:30:00,8.00,present,,2025-05-26 16:15:13.431
150,7,2025-03-18,08:30:00,17:30:00,8.00,present,,2025-05-26 16:15:13.431
151,8,2025-03-18,08:30:00,17:30:00,8.00,present,,2025-05-26 16:15:13.431
152,9,2025-03-18,08:30:00,17:30:00,8.00,present,,2025-05-26 16:15:13.431
153,10,2025-03-18,08:30:00,17:30:00,8.00,present,,2025-05-26 16:15:13.431
154,11,2025-03-18,08:30:00,17:30:00,8.00,present,,2025-05-26 16:15:13.431
155,12,2025-03-18,08:30:00,17:30:00,8.00,present,,2025-05-26 16:15:13.431
156,13,2025-03-18,08:30:00,17:30:00,8.00,present,,2025-05-26 16:15:13.431
157,1,2025-03-19,08:30:00,17:30:00,8.00,present,,2025-05-26 16:15:13.431
158,2,2025-03-19,08:30:00,17:30:00,8.00,present,,2025-05-26 16:15:13.431
159,3,2025-03-19,08:30:00,17:30:00,8.00,present,,2025-05-26 16:15:13.431
160,4,2025-03-19,08:30:00,17:30:00,8.00,present,,2025-05-26 16:15:13.431
161,5,2025-03-19,08:30:00,17:30:00,8.00,present,,2025-05-26 16:15:13.431
162,6,2025-03-19,08:30:00,17:30:00,8.00,present,,2025-05-26 16:15:13.431
163,7,2025-03-19,08:30:00,17:30:00,8.00,present,,2025-05-26 16:15:13.431
164,8,2025-03-19,08:30:00,17:30:00,8.00,present,,2025-05-26 16:15:13.431
165,9,2025-03-19,08:30:00,17:30:00,8.00,present,,2025-05-26 16:15:13.431
166,10,2025-03-19,08:30:00,17:30:00,8.00,present,,2025-05-26 16:15:13.431
167,11,2025-03-19,08:30:00,17:30:00,8.00,present,,2025-05-26 16:15:13.431
168,12,2025-03-19,08:30:00,17:30:00,8.00,present,,2025-05-26 16:15:13.431
169,13,2025-03-19,08:30:00,17:30:00,8.00,present,,2025-05-26 16:15:13.431
170,1,2025-03-22,08:30:00,17:30:00,8.00,present,,2025-05-26 16:15:13.431
171,2,2025-03-22,08:30:00,17:30:00,8.00,present,,2025-05-26 16:15:13.431
172,3,2025-03-22,08:30:00,17:30:00,8.00,present,,2025-05-26 16:15:13.431
173,4,2025-03-22,08:30:00,17:30:00,8.00,present,,2025-05-26 16:15:13.431
174,5,2025-03-22,08:30:00,17:30:00,8.00,present,,2025-05-26 16:15:13.431
175,6,2025-03-22,,,0.00,absent,,2025-05-26 16:15:13.431
176,7,2025-03-22,08:30:00,17:30:00,8.00,present,,2025-05-26 16:15:13.431
177,8,2025-03-22,08:30:00,17:30:00,8.00,present,,2025-05-26 16:15:13.431
178,9,2025-03-22,08:30:00,17:30:00,8.00,present,,2025-05-26 16:15:13.431
179,10,2025-03-22,08:30:00,17:30:00,8.00,present,,2025-05-26 16:15:13.431
180,11,2025-03-22,08:30:00,17:30:00,8.00,present,,2025-05-26 16:15:13.431
181,12,2025-03-22,08:30:00,17:30:00,8.00,present,,2025-05-26 16:15:13.431
182,13,2025-03-22,08:30:00,17:30:00,8.00,present,,2025-05-26 16:15:13.431
183,1,2025-03-23,08:30:00,17:30:00,8.00,present,,2025-05-26 16:15:13.431
184,2,2025-03-23,08:30:00,17:30:00,8.00,present,,2025-05-26 16:15:13.431
185,3,2025-03-23,08:30:00,17:30:00,8.00,present,,2025-05-26 16:15:13.431
186,4,2025-03-23,08:30:00,17:30:00,8.00,present,,2025-05-26 16:15:13.431
187,5,2025-03-23,08:30:00,17:30:00,8.00,present,,2025-05-26 16:15:13.431
188,6,2025-03-23,,,0.00,absent,,2025-05-26 16:15:13.431
189,7,2025-03-23,08:30:00,17:30:00,8.00,present,,2025-05-26 16:15:13.431
190,8,2025-03-23,08:30:00,17:30:00,8.00,present,,2025-05-26 16:15:13.431
191,9,2025-03-23,08:30:00,17:30:00,8.00,present,,2025-05-26 16:15:13.431
192,10,2025-03-23,08:30:00,17:30:00,8.00,present,,2025-05-26 16:15:13.431
193,11,2025-03-23,08:30:00,17:30:00,8.00,present,,2025-05-26 16:15:13.431
194,12,2025-03-23,08:30:00,17:30:00,8.00,present,,2025-05-26 16:15:13.431
195,13,2025-03-23,08:30:00,17:30:00,8.00,present,,2025-05-26 16:15:13.431
196,1,2025-03-24,08:30:00,17:30:00,8.00,present,,2025-05-26 16:15:13.431
197,2,2025-03-24,08:30:00,17:30:00,8.00,present,,2025-05-26 16:15:13.431
198,3,2025-03-24,08:30:00,17:30:00,8.00,present,,2025-05-26 16:15:13.431
199,4,2025-03-24,08:30:00,17:30:00,8.00,present,,2025-05-26 16:15:13.431
200,5,2025-03-24,08:30:00,17:30:00,8.00,present,,2025-05-26 16:15:13.431
201,6,2025-03-24,08:30:00,17:30:00,8.00,present,,2025-05-26 16:15:13.431
202,7,2025-03-24,08:30:00,17:30:00,8.00,present,,2025-05-26 16:15:13.431
203,8,2025-03-24,08:30:00,17:30:00,8.00,present,,2025-05-26 16:15:13.431
204,9,2025-03-24,08:30:00,17:30:00,8.00,present,,2025-05-26 16:15:13.431
205,10,2025-03-24,08:30:00,17:30:00,8.00,present,,2025-05-26 16:15:13.431
206,11,2025-03-24,08:30:00,17:30:00,8.00,present,,2025-05-26 16:15:13.431
207,12,2025-03-24,08:30:00,17:30:00,8.00,present,,2025-05-26 16:15:13.431
208,13,2025-03-24,08:30:00,17:30:00,8.00,present,,2025-05-26 16:15:13.431
209,1,2025-03-25,08:30:00,17:30:00,8.00,present,,2025-05-26 16:15:13.431
210,2,2025-03-25,08:30:00,17:30:00,8.00,present,,2025-05-26 16:15:13.431
211,3,2025-03-25,08:30:00,17:30:00,8.00,present,,2025-05-26 16:15:13.431
212,4,2025-03-25,08:30:00,17:30:00,8.00,present,,2025-05-26 16:15:13.431
213,5,2025-03-25,08:30:00,17:30:00,8.00,present,,2025-05-26 16:15:13.431
214,6,2025-03-25,08:30:00,17:30:00,8.00,present,,2025-05-26 16:15:13.431
215,7,2025-03-25,08:30:00,17:30:00,8.00,present,,2025-05-26 16:15:13.431
216,8,2025-03-25,08:30:00,17:30:00,8.00,present,,2025-05-26 16:15:13.431
217,9,2025-03-25,08:30:00,17:30:00,8.00,present,,2025-05-26 16:15:13.431
218,10,2025-03-25,08:30:00,17:30:00,8.00,present,,2025-05-26 16:15:13.431
219,11,2025-03-25,08:30:00,17:30:00,8.00,present,,2025-05-26 16:15:13.431
220,12,2025-03-25,08:30:00,17:30:00,8.00,present,,2025-05-26 16:15:13.431
221,13,2025-03-25,08:30:00,17:30:00,8.00,present,,2025-05-26 16:15:13.431
222,1,2025-03-26,08:30:00,17:30:00,8.00,present,,2025-05-26 16:15:13.431
223,2,2025-03-26,08:30:00,17:30:00,8.00,present,,2025-05-26 16:15:13.431
224,3,2025-03-26,08:30:00,17:30:00,8.00,present,,2025-05-26 16:15:13.431
225,4,2025-03-26,08:30:00,17:30:00,8.00,present,,2025-05-26 16:15:13.431
226,5,2025-03-26,08:30:00,17:30:00,8.00,present,,2025-05-26 16:15:13.431
227,6,2025-03-26,08:30:00,17:30:00,8.00,present,,2025-05-26 16:15:13.431
228,7,2025-03-26,08:30:00,17:30:00,8.00,present,,2025-05-26 16:15:13.431
229,8,2025-03-26,08:30:00,17:30:00,8.00,present,,2025-05-26 16:15:13.431
230,9,2025-03-26,08:30:00,17:30:00,8.00,present,,2025-05-26 16:15:13.431
231,10,2025-03-26,08:30:00,17:30:00,8.00,present,,2025-05-26 16:15:13.431
232,11,2025-03-26,08:30:00,17:30:00,8.00,present,,2025-05-26 16:15:13.431
233,12,2025-03-26,08:30:00,17:30:00,8.00,present,,2025-05-26 16:15:13.431
234,13,2025-03-26,08:30:00,17:30:00,8.00,present,,2025-05-26 16:15:13.431
235,1,2025-03-29,08:30:00,17:30:00,8.00,present,,2025-05-26 16:15:13.431
236,2,2025-03-29,08:30:00,17:30:00,8.00,present,,2025-05-26 16:15:13.431
237,3,2025-03-29,08:30:00,17:30:00,8.00,present,,2025-05-26 16:15:13.431
238,4,2025-03-29,08:30:00,17:30:00,8.00,present,,2025-05-26 16:15:13.431
239,5,2025-03-29,08:30:00,17:30:00,8.00,present,,2025-05-26 16:15:13.431
240,6,2025-03-29,08:30:00,17:30:00,8.00,present,,2025-05-26 16:15:13.431
241,7,2025-03-29,08:30:00,17:30:00,8.00,present,,2025-05-26 16:15:13.431
242,8,2025-03-29,08:30:00,17:30:00,8.00,present,,2025-05-26 16:15:13.431
243,9,2025-03-29,08:30:00,17:30:00,8.00,present,,2025-05-26 16:15:13.431
244,10,2025-03-29,08:30:00,17:30:00,8.00,present,,2025-05-26 16:15:13.431
245,11,2025-03-29,08:30:00,17:30:00,8.00,present,,2025-05-26 16:15:13.431
246,12,2025-03-29,08:30:00,17:30:00,8.00,present,,2025-05-26 16:15:13.431
247,13,2025-03-29,08:30:00,17:30:00,8.00,present,,2025-05-26 16:15:13.431
248,1,2025-03-30,08:30:00,17:30:00,8.00,present,,2025-05-26 16:15:13.431
249,2,2025-03-30,08:30:00,17:30:00,8.00,present,,2025-05-26 16:15:13.431
250,3,2025-03-30,08:30:00,17:30:00,8.00,present,,2025-05-26 16:15:13.431
251,4,2025-03-30,08:30:00,17:30:00,8.00,present,,2025-05-26 16:15:13.431
252,5,2025-03-30,08:30:00,17:30:00,8.00,present,,2025-05-26 16:15:13.431
253,6,2025-03-30,08:30:00,17:30:00,8.00,present,,2025-05-26 16:15:13.431
254,7,2025-03-30,08:30:00,17:30:00,8.00,present,,2025-05-26 16:15:13.431
255,8,2025-03-30,08:30:00,17:30:00,8.00,present,,2025-05-26 16:15:13.431
256,9,2025-03-30,08:30:00,17:30:00,8.00,present,,2025-05-26 16:15:13.431
257,10,2025-03-30,08:30:00,17:30:00,8.00,present,,2025-05-26 16:15:13.431
258,11,2025-03-30,08:30:00,17:30:00,8.00,present,,2025-05-26 16:15:13.431
259,12,2025-03-30,08:30:00,17:30:00,8.00,present,,2025-05-26 16:15:13.431
260,13,2025-03-30,08:30:00,17:30:00,8.00,present,,2025-05-26 16:15:13.431
261,1,2025-03-31,08:30:00,17:30:00,8.00,present,,2025-05-26 16:15:13.431
262,2,2025-03-31,08:30:00,17:30:00,8.00,present,,2025-05-26 16:15:13.431
263,3,2025-03-31,08:30:00,17:30:00,8.00,present,,2025-05-26 16:15:13.431
264,4,2025-03-31,08:30:00,17:30:00,8.00,present,,2025-05-26 16:15:13.431
265,5,2025-03-31,08:30:00,17:30:00,8.00,present,,2025-05-26 16:15:13.431
266,6,2025-03-31,08:30:00,17:30:00,8.00,present,,2025-05-26 16:15:13.431
267,7,2025-03-31,08:30:00,17:30:00,8.00,present,,2025-05-26 16:15:13.431
268,8,2025-03-31,08:30:00,17:30:00,8.00,present,,2025-05-26 16:15:13.431
269,9,2025-03-31,08:30:00,17:30:00,8.00,present,,2025-05-26 16:15:13.431
270,10,2025-03-31,08:30:00,17:30:00,8.00,present,,2025-05-26 16:15:13.431
271,11,2025-03-31,08:30:00,17:30:00,8.00,present,,2025-05-26 16:15:13.431
272,12,2025-03-31,08:30:00,17:30:00,8.00,present,,2025-05-26 16:15:13.431
273,13,2025-03-31,08:30:00,17:30:00,8.00,present,,2025-05-26 16:15:13.431
274,1,2025-04-01,08:30:00,17:30:00,8.00,present,,2025-05-26 16:15:13.431
275,2,2025-04-01,08:30:00,17:30:00,8.00,present,,2025-05-26 16:15:13.431
276,3,2025-04-01,08:30:00,17:30:00,8.00,present,,2025-05-26 16:15:13.431
277,4,2025-04-01,08:30:00,17:30:00,8.00,present,,2025-05-26 16:15:13.431
278,5,2025-04-01,08:30:00,17:30:00,8.00,present,,2025-05-26 16:15:13.431
279,6,2025-04-01,08:30:00,17:30:00,8.00,present,,2025-05-26 16:15:13.431
280,7,2025-04-01,08:30:00,17:30:00,8.00,present,,2025-05-26 16:15:13.431
281,8,2025-04-01,08:30:00,17:30:00,8.00,present,,2025-05-26 16:15:13.431
282,9,2025-04-01,08:30:00,17:30:00,8.00,present,,2025-05-26 16:15:13.431
283,10,2025-04-01,08:30:00,17:30:00,8.00,present,,2025-05-26 16:15:13.431
284,11,2025-04-01,08:30:00,17:30:00,8.00,present,,2025-05-26 16:15:13.431
285,12,2025-04-01,08:30:00,17:30:00,8.00,present,,2025-05-26 16:15:13.431
286,13,2025-04-01,08:30:00,17:30:00,8.00,present,,2025-05-26 16:15:13.431
287,1,2025-04-02,08:30:00,17:30:00,8.00,present,,2025-05-26 16:15:13.431
288,2,2025-04-02,08:30:00,17:30:00,8.00,present,,2025-05-26 16:15:13.431
289,3,2025-04-02,08:30:00,17:30:00,8.00,present,,2025-05-26 16:15:13.431
290,4,2025-04-02,08:30:00,17:30:00,8.00,present,,2025-05-26 16:15:13.431
291,5,2025-04-02,08:30:00,17:30:00,8.00,present,,2025-05-26 16:15:13.431
292,6,2025-04-02,08:30:00,17:30:00,8.00,present,,2025-05-26 16:15:13.431
293,7,2025-04-02,08:30:00,17:30:00,8.00,present,,2025-05-26 16:15:13.431
294,8,2025-04-02,08:30:00,17:30:00,8.00,present,,2025-05-26 16:15:13.431
295,9,2025-04-02,08:30:00,17:30:00,8.00,present,,2025-05-26 16:15:13.431
296,10,2025-04-02,08:30:00,17:30:00,8.00,present,,2025-05-26 16:15:13.431
297,11,2025-04-02,08:30:00,17:30:00,8.00,present,,2025-05-26 16:15:13.431
298,12,2025-04-02,08:30:00,17:30:00,8.00,present,,2025-05-26 16:15:13.431
299,13,2025-04-02,08:30:00,17:30:00,8.00,present,,2025-05-26 16:15:13.431
300,1,2025-04-05,08:30:00,17:30:00,8.00,present,,2025-05-26 16:15:13.431
301,2,2025-04-05,08:30:00,17:30:00,8.00,present,,2025-05-26 16:15:13.431
302,3,2025-04-05,08:30:00,17:30:00,8.00,present,,2025-05-26 16:15:13.431
303,4,2025-04-05,08:30:00,17:30:00,8.00,present,,2025-05-26 16:15:13.431
304,5,2025-04-05,08:30:00,17:30:00,8.00,present,,2025-05-26 16:15:13.431
305,6,2025-04-05,08:30:00,17:30:00,8.00,present,,2025-05-26 16:15:13.431
306,7,2025-04-05,08:30:00,17:30:00,8.00,present,,2025-05-26 16:15:13.431
307,8,2025-04-05,08:30:00,17:30:00,8.00,present,,2025-05-26 16:15:13.431
308,9,2025-04-05,08:30:00,17:30:00,8.00,present,,2025-05-26 16:15:13.431
309,10,2025-04-05,08:30:00,17:30:00,8.00,present,,2025-05-26 16:15:13.431
310,11,2025-04-05,08:30:00,17:30:00,8.00,present,,2025-05-26 16:15:13.431
311,12,2025-04-05,08:30:00,17:30:00,8.00,present,,2025-05-26 16:15:13.431
312,13,2025-04-05,08:30:00,17:30:00,8.00,present,,2025-05-26 16:15:13.431
313,1,2025-04-06,08:30:00,17:30:00,8.00,present,,2025-05-26 16:15:13.431
314,2,2025-04-06,08:30:00,17:30:00,8.00,present,,2025-05-26 16:15:13.431
315,3,2025-04-06,08:30:00,17:30:00,8.00,present,,2025-05-26 16:15:13.431
316,4,2025-04-06,08:30:00,17:30:00,8.00,present,,2025-05-26 16:15:13.431
317,5,2025-04-06,08:30:00,17:30:00,8.00,present,,2025-05-26 16:15:13.431
318,6,2025-04-06,08:30:00,17:30:00,8.00,present,,2025-05-26 16:15:13.431
319,7,2025-04-06,08:30:00,17:30:00,8.00,present,,2025-05-26 16:15:13.431
320,8,2025-04-06,08:30:00,17:30:00,8.00,present,,2025-05-26 16:15:13.431
321,9,2025-04-06,08:30:00,17:30:00,8.00,present,,2025-05-26 16:15:13.431
322,10,2025-04-06,08:30:00,17:30:00,8.00,present,,2025-05-26 16:15:13.431
323,11,2025-04-06,08:30:00,17:30:00,8.00,present,,2025-05-26 16:15:13.431
324,12,2025-04-06,08:30:00,17:30:00,8.00,present,,2025-05-26 16:15:13.431
325,13,2025-04-06,08:30:00,17:30:00,8.00,present,,2025-05-26 16:15:13.431
326,1,2025-04-07,08:30:00,17:30:00,8.00,present,,2025-05-26 16:15:13.431
327,2,2025-04-07,08:30:00,17:30:00,8.00,present,,2025-05-26 16:15:13.431
328,3,2025-04-07,08:30:00,17:30:00,8.00,present,,2025-05-26 16:15:13.431
329,4,2025-04-07,08:30:00,17:30:00,8.00,present,,2025-05-26 16:15:13.431
330,5,2025-04-07,08:30:00,17:30:00,8.00,present,,2025-05-26 16:15:13.431
331,6,2025-04-07,08:30:00,17:30:00,8.00,present,,2025-05-26 16:15:13.431
332,7,2025-04-07,08:30:00,17:30:00,8.00,present,,2025-05-26 16:15:13.431
333,8,2025-04-07,08:30:00,17:30:00,8.00,present,,2025-05-26 16:15:13.431
334,9,2025-04-07,08:30:00,17:30:00,8.00,present,,2025-05-26 16:15:13.431
335,10,2025-04-07,08:30:00,17:30:00,8.00,present,,2025-05-26 16:15:13.431
336,11,2025-04-07,08:30:00,17:30:00,8.00,present,,2025-05-26 16:15:13.431
337,12,2025-04-07,08:30:00,17:30:00,8.00,present,,2025-05-26 16:15:13.431
338,13,2025-04-07,08:30:00,17:30:00,8.00,present,,2025-05-26 16:15:13.431
339,1,2025-04-08,08:30:00,17:30:00,8.00,present,,2025-05-26 16:15:13.431
340,2,2025-04-08,08:30:00,17:30:00,8.00,present,,2025-05-26 16:15:13.431
341,3,2025-04-08,08:30:00,17:30:00,8.00,present,,2025-05-26 16:15:13.431
342,4,2025-04-08,08:30:00,17:30:00,8.00,present,,2025-05-26 16:15:13.431
343,5,2025-04-08,08:30:00,17:30:00,8.00,present,,2025-05-26 16:15:13.431
344,6,2025-04-08,08:30:00,17:30:00,8.00,present,,2025-05-26 16:15:13.431
345,7,2025-04-08,08:30:00,17:30:00,8.00,present,,2025-05-26 16:15:13.431
346,8,2025-04-08,08:30:00,17:30:00,8.00,present,,2025-05-26 16:15:13.431
347,9,2025-04-08,08:30:00,17:30:00,8.00,present,,2025-05-26 16:15:13.431
348,10,2025-04-08,08:30:00,17:30:00,8.00,present,,2025-05-26 16:15:13.431
349,11,2025-04-08,08:30:00,17:30:00,8.00,present,,2025-05-26 16:15:13.431
350,12,2025-04-08,08:30:00,17:30:00,8.00,present,,2025-05-26 16:15:13.431
351,13,2025-04-08,08:30:00,17:30:00,8.00,present,,2025-05-26 16:15:13.431
352,1,2025-04-09,08:30:00,17:30:00,8.00,present,,2025-05-26 16:15:13.431
353,2,2025-04-09,08:30:00,17:30:00,8.00,present,,2025-05-26 16:15:13.431
354,3,2025-04-09,08:30:00,17:30:00,8.00,present,,2025-05-26 16:15:13.431
355,4,2025-04-09,08:30:00,17:30:00,8.00,present,,2025-05-26 16:15:13.431
356,5,2025-04-09,08:30:00,17:30:00,8.00,present,,2025-05-26 16:15:13.431
357,6,2025-04-09,08:30:00,17:30:00,8.00,present,,2025-05-26 16:15:13.431
358,7,2025-04-09,08:30:00,17:30:00,8.00,present,,2025-05-26 16:15:13.431
359,8,2025-04-09,08:30:00,17:30:00,8.00,present,,2025-05-26 16:15:13.431
360,9,2025-04-09,08:30:00,17:30:00,8.00,present,,2025-05-26 16:15:13.431
361,10,2025-04-09,08:30:00,17:30:00,8.00,present,,2025-05-26 16:15:13.431
362,11,2025-04-09,08:30:00,17:30:00,8.00,present,,2025-05-26 16:15:13.431
363,12,2025-04-09,08:30:00,17:30:00,8.00,present,,2025-05-26 16:15:13.431
364,13,2025-04-09,08:30:00,17:30:00,8.00,present,,2025-05-26 16:15:13.431
365,1,2025-04-12,08:30:00,17:30:00,8.00,present,,2025-05-26 16:15:13.431
366,2,2025-04-12,08:30:00,17:30:00,8.00,present,,2025-05-26 16:15:13.431
367,3,2025-04-12,08:30:00,17:30:00,8.00,present,,2025-05-26 16:15:13.431
368,4,2025-04-12,08:30:00,17:30:00,8.00,present,,2025-05-26 16:15:13.431
369,5,2025-04-12,08:30:00,17:30:00,8.00,present,,2025-05-26 16:15:13.431
370,6,2025-04-12,08:30:00,17:30:00,8.00,present,,2025-05-26 16:15:13.431
371,7,2025-04-12,08:30:00,17:30:00,8.00,present,,2025-05-26 16:15:13.431
372,8,2025-04-12,08:30:00,17:30:00,8.00,present,,2025-05-26 16:15:13.431
373,9,2025-04-12,08:30:00,17:30:00,8.00,present,,2025-05-26 16:15:13.431
374,10,2025-04-12,08:30:00,17:30:00,8.00,present,,2025-05-26 16:15:13.431
375,11,2025-04-12,08:30:00,17:30:00,8.00,present,,2025-05-26 16:15:13.431
376,12,2025-04-12,08:30:00,17:30:00,8.00,present,,2025-05-26 16:15:13.431
377,13,2025-04-12,08:30:00,17:30:00,8.00,present,,2025-05-26 16:15:13.431
378,1,2025-04-13,08:30:00,17:30:00,8.00,present,,2025-05-26 16:15:13.431
379,2,2025-04-13,08:30:00,17:30:00,8.00,present,,2025-05-26 16:15:13.431
380,3,2025-04-13,08:30:00,17:30:00,8.00,present,,2025-05-26 16:15:13.431
381,4,2025-04-13,08:30:00,17:30:00,8.00,present,,2025-05-26 16:15:13.431
382,5,2025-04-13,08:30:00,17:30:00,8.00,present,,2025-05-26 16:15:13.431
383,6,2025-04-13,08:30:00,17:30:00,8.00,present,,2025-05-26 16:15:13.431
384,7,2025-04-13,08:30:00,17:30:00,8.00,present,,2025-05-26 16:15:13.431
385,8,2025-04-13,08:30:00,17:30:00,8.00,present,,2025-05-26 16:15:13.431
386,9,2025-04-13,08:30:00,17:30:00,8.00,present,,2025-05-26 16:15:13.431
387,10,2025-04-13,08:30:00,17:30:00,8.00,present,,2025-05-26 16:15:13.431
388,11,2025-04-13,08:30:00,17:30:00,8.00,present,,2025-05-26 16:15:13.431
389,12,2025-04-13,08:30:00,17:30:00,8.00,present,,2025-05-26 16:15:13.431
390,13,2025-04-13,08:30:00,17:30:00,8.00,present,,2025-05-26 16:15:13.431
391,1,2025-04-14,08:30:00,17:30:00,8.00,present,,2025-05-26 16:15:13.431
392,2,2025-04-14,08:30:00,17:30:00,8.00,present,,2025-05-26 16:15:13.431
393,3,2025-04-14,,,0.00,absent,,2025-05-26 16:15:13.431
394,4,2025-04-14,08:30:00,17:30:00,8.00,present,,2025-05-26 16:15:13.431
395,5,2025-04-14,08:30:00,17:30:00,8.00,present,,2025-05-26 16:15:13.431
396,6,2025-04-14,08:30:00,17:30:00,8.00,present,,2025-05-26 16:15:13.431
397,7,2025-04-14,08:30:00,17:30:00,8.00,present,,2025-05-26 16:15:13.431
398,8,2025-04-14,08:30:00,17:30:00,8.00,present,,2025-05-26 16:15:13.431
399,9,2025-04-14,08:30:00,17:30:00,8.00,present,,2025-05-26 16:15:13.431
400,10,2025-04-14,08:30:00,17:30:00,8.00,present,,2025-05-26 16:15:13.431
401,11,2025-04-14,08:30:00,17:30:00,8.00,present,,2025-05-26 16:15:13.431
402,12,2025-04-14,08:30:00,17:30:00,8.00,present,,2025-05-26 16:15:13.431
403,13,2025-04-14,08:30:00,17:30:00,8.00,present,,2025-05-26 16:15:13.431
404,1,2025-04-15,08:30:00,17:30:00,8.00,present,,2025-05-26 16:15:13.431
405,2,2025-04-15,08:30:00,17:30:00,8.00,present,,2025-05-26 16:15:13.431
406,3,2025-04-15,,,0.00,absent,,2025-05-26 16:15:13.431
407,4,2025-04-15,08:30:00,17:30:00,8.00,present,,2025-05-26 16:15:13.431
408,5,2025-04-15,08:30:00,17:30:00,8.00,present,,2025-05-26 16:15:13.431
409,6,2025-04-15,08:30:00,17:30:00,8.00,present,,2025-05-26 16:15:13.431
410,7,2025-04-15,08:30:00,17:30:00,8.00,present,,2025-05-26 16:15:13.431
411,8,2025-04-15,08:30:00,17:30:00,8.00,present,,2025-05-26 16:15:13.431
412,9,2025-04-15,08:30:00,17:30:00,8.00,present,,2025-05-26 16:15:13.431
413,10,2025-04-15,08:30:00,17:30:00,8.00,present,,2025-05-26 16:15:13.431
414,11,2025-04-15,08:30:00,17:30:00,8.00,present,,2025-05-26 16:15:13.431
415,12,2025-04-15,08:30:00,17:30:00,8.00,present,,2025-05-26 16:15:13.431
416,13,2025-04-15,08:30:00,17:30:00,8.00,present,,2025-05-26 16:15:13.431
417,1,2025-04-16,08:30:00,17:30:00,8.00,present,,2025-05-26 16:15:13.431
418,2,2025-04-16,08:30:00,17:30:00,8.00,present,,2025-05-26 16:15:13.431
419,3,2025-04-16,,,0.00,absent,,2025-05-26 16:15:13.431
420,4,2025-04-16,08:30:00,17:30:00,8.00,present,,2025-05-26 16:15:13.431
421,5,2025-04-16,08:30:00,17:30:00,8.00,present,,2025-05-26 16:15:13.431
422,6,2025-04-16,08:30:00,17:30:00,8.00,present,,2025-05-26 16:15:13.431
423,7,2025-04-16,08:30:00,17:30:00,8.00,present,,2025-05-26 16:15:13.431
424,8,2025-04-16,08:30:00,17:30:00,8.00,present,,2025-05-26 16:15:13.431
425,9,2025-04-16,08:30:00,17:30:00,8.00,present,,2025-05-26 16:15:13.431
426,10,2025-04-16,08:30:00,17:30:00,8.00,present,,2025-05-26 16:15:13.431
427,11,2025-04-16,08:30:00,17:30:00,8.00,present,,2025-05-26 16:15:13.431
428,12,2025-04-16,08:30:00,17:30:00,8.00,present,,2025-05-26 16:15:13.431
429,13,2025-04-16,08:30:00,17:30:00,8.00,present,,2025-05-26 16:15:13.431
430,1,2025-04-19,08:30:00,17:30:00,8.00,present,,2025-05-26 16:15:13.431
431,2,2025-04-19,08:30:00,17:30:00,8.00,present,,2025-05-26 16:15:13.431
432,3,2025-04-19,08:30:00,17:30:00,8.00,present,,2025-05-26 16:15:13.431
433,4,2025-04-19,08:30:00,17:30:00,8.00,present,,2025-05-26 16:15:13.431
434,5,2025-04-19,08:30:00,17:30:00,8.00,present,,2025-05-26 16:15:13.431
435,6,2025-04-19,08:30:00,17:30:00,8.00,present,,2025-05-26 16:15:13.431
436,7,2025-04-19,08:30:00,17:30:00,8.00,present,,2025-05-26 16:15:13.431
437,8,2025-04-19,08:30:00,17:30:00,8.00,present,,2025-05-26 16:15:13.431
438,9,2025-04-19,08:30:00,17:30:00,8.00,present,,2025-05-26 16:15:13.431
439,10,2025-04-19,08:30:00,17:30:00,8.00,present,,2025-05-26 16:15:13.431
440,11,2025-04-19,08:30:00,17:30:00,8.00,present,,2025-05-26 16:15:13.431
441,12,2025-04-19,08:30:00,17:30:00,8.00,present,,2025-05-26 16:15:13.431
442,13,2025-04-19,08:30:00,17:30:00,8.00,present,,2025-05-26 16:15:13.431
443,1,2025-04-20,08:30:00,17:30:00,8.00,present,,2025-05-26 16:15:13.431
444,2,2025-04-20,08:30:00,17:30:00,8.00,present,,2025-05-26 16:15:13.431
445,3,2025-04-20,08:30:00,17:30:00,8.00,present,,2025-05-26 16:15:13.431
446,4,2025-04-20,,,0.00,absent,,2025-05-26 16:15:13.431
447,5,2025-04-20,08:30:00,17:30:00,8.00,present,,2025-05-26 16:15:13.431
448,6,2025-04-20,08:30:00,17:30:00,8.00,present,,2025-05-26 16:15:13.431
449,7,2025-04-20,08:30:00,17:30:00,8.00,present,,2025-05-26 16:15:13.431
450,8,2025-04-20,08:30:00,17:30:00,8.00,present,,2025-05-26 16:15:13.431
451,9,2025-04-20,08:30:00,17:30:00,8.00,present,,2025-05-26 16:15:13.431
452,10,2025-04-20,08:30:00,17:30:00,8.00,present,,2025-05-26 16:15:13.431
453,11,2025-04-20,08:30:00,17:30:00,8.00,present,,2025-05-26 16:15:13.431
454,12,2025-04-20,08:30:00,17:30:00,8.00,present,,2025-05-26 16:15:13.431
455,13,2025-04-20,08:30:00,17:30:00,8.00,present,,2025-05-26 16:15:13.431
456,1,2025-04-21,08:30:00,17:30:00,8.00,present,,2025-05-26 16:15:13.431
457,2,2025-04-21,08:30:00,17:30:00,8.00,present,,2025-05-26 16:15:13.431
458,3,2025-04-21,08:30:00,17:30:00,8.00,present,,2025-05-26 16:15:13.431
459,4,2025-04-21,,,0.00,absent,,2025-05-26 16:15:13.431
460,5,2025-04-21,08:30:00,17:30:00,8.00,present,,2025-05-26 16:15:13.431
461,6,2025-04-21,08:30:00,17:30:00,8.00,present,,2025-05-26 16:15:13.431
462,7,2025-04-21,08:30:00,17:30:00,8.00,present,,2025-05-26 16:15:13.431
463,8,2025-04-21,08:30:00,17:30:00,8.00,present,,2025-05-26 16:15:13.431
464,9,2025-04-21,08:30:00,17:30:00,8.00,present,,2025-05-26 16:15:13.431
465,10,2025-04-21,08:30:00,17:30:00,8.00,present,,2025-05-26 16:15:13.431
466,11,2025-04-21,08:30:00,17:30:00,8.00,present,,2025-05-26 16:15:13.431
467,12,2025-04-21,08:30:00,17:30:00,8.00,present,,2025-05-26 16:15:13.431
468,13,2025-04-21,08:30:00,17:30:00,8.00,present,,2025-05-26 16:15:13.431
469,1,2025-04-22,08:30:00,17:30:00,8.00,present,,2025-05-26 16:15:13.431
470,2,2025-04-22,08:30:00,17:30:00,8.00,present,,2025-05-26 16:15:13.431
471,3,2025-04-22,08:30:00,17:30:00,8.00,present,,2025-05-26 16:15:13.431
472,4,2025-04-22,08:30:00,17:30:00,8.00,present,,2025-05-26 16:15:13.431
473,5,2025-04-22,08:30:00,17:30:00,8.00,present,,2025-05-26 16:15:13.431
474,6,2025-04-22,08:30:00,17:30:00,8.00,present,,2025-05-26 16:15:13.431
475,7,2025-04-22,08:30:00,17:30:00,8.00,present,,2025-05-26 16:15:13.431
476,8,2025-04-22,08:30:00,17:30:00,8.00,present,,2025-05-26 16:15:13.431
477,9,2025-04-22,08:30:00,17:30:00,8.00,present,,2025-05-26 16:15:13.431
478,10,2025-04-22,08:30:00,17:30:00,8.00,present,,2025-05-26 16:15:13.431
479,11,2025-04-22,08:30:00,17:30:00,8.00,present,,2025-05-26 16:15:13.431
480,12,2025-04-22,08:30:00,17:30:00,8.00,present,,2025-05-26 16:15:13.431
481,13,2025-04-22,08:30:00,17:30:00,8.00,present,,2025-05-26 16:15:13.431
482,1,2025-04-23,08:30:00,17:30:00,8.00,present,,2025-05-26 16:15:13.431
483,2,2025-04-23,08:30:00,17:30:00,8.00,present,,2025-05-26 16:15:13.431
484,3,2025-04-23,08:30:00,17:30:00,8.00,present,,2025-05-26 16:15:13.431
485,4,2025-04-23,08:30:00,17:30:00,8.00,present,,2025-05-26 16:15:13.431
486,5,2025-04-23,08:30:00,17:30:00,8.00,present,,2025-05-26 16:15:13.431
487,6,2025-04-23,08:30:00,17:30:00,8.00,present,,2025-05-26 16:15:13.431
488,7,2025-04-23,08:30:00,17:30:00,8.00,present,,2025-05-26 16:15:13.431
489,8,2025-04-23,08:30:00,17:30:00,8.00,present,,2025-05-26 16:15:13.431
490,9,2025-04-23,08:30:00,17:30:00,8.00,present,,2025-05-26 16:15:13.431
491,10,2025-04-23,08:30:00,17:30:00,8.00,present,,2025-05-26 16:15:13.431
492,11,2025-04-23,08:30:00,17:30:00,8.00,present,,2025-05-26 16:15:13.431
493,12,2025-04-23,08:30:00,17:30:00,8.00,present,,2025-05-26 16:15:13.431
494,13,2025-04-23,08:30:00,17:30:00,8.00,present,,2025-05-26 16:15:13.431
495,1,2025-04-26,08:30:00,17:30:00,8.00,present,,2025-05-26 16:15:13.431
496,2,2025-04-26,08:30:00,17:30:00,8.00,present,,2025-05-26 16:15:13.431
497,3,2025-04-26,08:30:00,17:30:00,8.00,present,,2025-05-26 16:15:13.431
498,4,2025-04-26,08:30:00,17:30:00,8.00,present,,2025-05-26 16:15:13.431
499,5,2025-04-26,08:30:00,17:30:00,8.00,present,,2025-05-26 16:15:13.431
500,6,2025-04-26,08:30:00,17:30:00,8.00,present,,2025-05-26 16:15:13.431
501,7,2025-04-26,08:30:00,17:30:00,8.00,present,,2025-05-26 16:15:13.431
502,8,2025-04-26,08:30:00,17:30:00,8.00,present,,2025-05-26 16:15:13.431
503,9,2025-04-26,08:30:00,17:30:00,8.00,present,,2025-05-26 16:15:13.431
504,10,2025-04-26,08:30:00,17:30:00,8.00,present,,2025-05-26 16:15:13.431
505,11,2025-04-26,08:30:00,17:30:00,8.00,present,,2025-05-26 16:15:13.431
506,12,2025-04-26,08:30:00,17:30:00,8.00,present,,2025-05-26 16:15:13.431
507,13,2025-04-26,08:30:00,17:30:00,8.00,present,,2025-05-26 16:15:13.431
508,1,2025-04-27,08:30:00,17:30:00,8.00,present,,2025-05-26 16:15:13.431
509,2,2025-04-27,08:30:00,17:30:00,8.00,present,,2025-05-26 16:15:13.431
510,3,2025-04-27,08:30:00,17:30:00,8.00,present,,2025-05-26 16:15:13.431
511,4,2025-04-27,08:30:00,17:30:00,8.00,present,,2025-05-26 16:15:13.431
512,5,2025-04-27,08:30:00,17:30:00,8.00,present,,2025-05-26 16:15:13.431
513,6,2025-04-27,08:30:00,17:30:00,8.00,present,,2025-05-26 16:15:13.431
514,7,2025-04-27,08:30:00,17:30:00,8.00,present,,2025-05-26 16:15:13.431
515,8,2025-04-27,08:30:00,17:30:00,8.00,present,,2025-05-26 16:15:13.431
516,9,2025-04-27,08:30:00,17:30:00,8.00,present,,2025-05-26 16:15:13.431
517,10,2025-04-27,08:30:00,17:30:00,8.00,present,,2025-05-26 16:15:13.431
518,11,2025-04-27,08:30:00,17:30:00,8.00,present,,2025-05-26 16:15:13.431
519,12,2025-04-27,08:30:00,17:30:00,8.00,present,,2025-05-26 16:15:13.431
520,13,2025-04-27,08:30:00,17:30:00,8.00,present,,2025-05-26 16:15:13.431
521,1,2025-04-28,08:30:00,17:30:00,8.00,present,,2025-05-26 16:15:13.431
522,2,2025-04-28,08:30:00,17:30:00,8.00,present,,2025-05-26 16:15:13.431
523,3,2025-04-28,08:30:00,17:30:00,8.00,present,,2025-05-26 16:15:13.431
524,4,2025-04-28,08:30:00,17:30:00,8.00,present,,2025-05-26 16:15:13.431
525,5,2025-04-28,08:30:00,17:30:00,8.00,present,,2025-05-26 16:15:13.431
526,6,2025-04-28,08:30:00,17:30:00,8.00,present,,2025-05-26 16:15:13.431
527,7,2025-04-28,08:30:00,17:30:00,8.00,present,,2025-05-26 16:15:13.431
528,8,2025-04-28,08:30:00,17:30:00,8.00,present,,2025-05-26 16:15:13.431
529,9,2025-04-28,08:30:00,17:30:00,8.00,present,,2025-05-26 16:15:13.431
530,10,2025-04-28,08:30:00,17:30:00,8.00,present,,2025-05-26 16:15:13.431
531,11,2025-04-28,08:30:00,17:30:00,8.00,present,,2025-05-26 16:15:13.431
532,12,2025-04-28,08:30:00,17:30:00,8.00,present,,2025-05-26 16:15:13.431
533,13,2025-04-28,08:30:00,17:30:00,8.00,present,,2025-05-26 16:15:13.431
534,1,2025-04-29,08:30:00,17:30:00,8.00,present,,2025-05-26 16:15:13.431
535,2,2025-04-29,08:30:00,17:30:00,8.00,present,,2025-05-26 16:15:13.431
536,3,2025-04-29,08:30:00,17:30:00,8.00,present,,2025-05-26 16:15:13.431
537,4,2025-04-29,08:30:00,17:30:00,8.00,present,,2025-05-26 16:15:13.431
538,5,2025-04-29,08:30:00,17:30:00,8.00,present,,2025-05-26 16:15:13.431
539,6,2025-04-29,08:30:00,17:30:00,8.00,present,,2025-05-26 16:15:13.431
540,7,2025-04-29,08:30:00,17:30:00,8.00,present,,2025-05-26 16:15:13.431
541,8,2025-04-29,08:30:00,17:30:00,8.00,present,,2025-05-26 16:15:13.431
542,9,2025-04-29,08:30:00,17:30:00,8.00,present,,2025-05-26 16:15:13.431
543,10,2025-04-29,08:30:00,17:30:00,8.00,present,,2025-05-26 16:15:13.431
544,11,2025-04-29,08:30:00,17:30:00,8.00,present,,2025-05-26 16:15:13.431
545,12,2025-04-29,08:30:00,17:30:00,8.00,present,,2025-05-26 16:15:13.431
546,13,2025-04-29,08:30:00,17:30:00,8.00,present,,2025-05-26 16:15:13.431
547,1,2025-05-01,08:30:00,17:30:00,8.00,present,,2025-05-26 16:15:13.431
548,2,2025-05-01,08:30:00,17:30:00,8.00,present,,2025-05-26 16:15:13.431
549,3,2025-05-01,08:30:00,17:30:00,8.00,present,,2025-05-26 16:15:13.431
550,4,2025-05-01,08:30:00,17:30:00,8.00,present,,2025-05-26 16:15:13.431
551,5,2025-05-01,08:30:00,17:30:00,8.00,present,,2025-05-26 16:15:13.431
552,6,2025-05-01,08:30:00,17:30:00,8.00,present,,2025-05-26 16:15:13.431
553,7,2025-05-01,08:30:00,17:30:00,8.00,present,,2025-05-26 16:15:13.431
554,8,2025-05-01,08:30:00,17:30:00,8.00,present,,2025-05-26 16:15:13.431
555,9,2025-05-01,08:30:00,17:30:00,8.00,present,,2025-05-26 16:15:13.431
556,10,2025-05-01,08:30:00,17:30:00,8.00,present,,2025-05-26 16:15:13.431
557,11,2025-05-01,08:30:00,17:30:00,8.00,present,,2025-05-26 16:15:13.431
558,12,2025-05-01,08:30:00,17:30:00,8.00,present,,2025-05-26 16:15:13.431
559,13,2025-05-01,08:30:00,17:30:00,8.00,present,,2025-05-26 16:15:13.431
560,1,2025-05-04,08:30:00,17:30:00,8.00,present,,2025-05-26 16:15:13.431
561,2,2025-05-04,08:30:00,17:30:00,8.00,present,,2025-05-26 16:15:13.431
562,3,2025-05-04,08:30:00,17:30:00,8.00,present,,2025-05-26 16:15:13.431
563,4,2025-05-04,08:30:00,17:30:00,8.00,present,,2025-05-26 16:15:13.431
564,5,2025-05-04,08:30:00,17:30:00,8.00,present,,2025-05-26 16:15:13.431
565,6,2025-05-04,08:30:00,17:30:00,8.00,present,,2025-05-26 16:15:13.431
566,7,2025-05-04,08:30:00,17:30:00,8.00,present,,2025-05-26 16:15:13.431
567,8,2025-05-04,08:30:00,17:30:00,8.00,present,,2025-05-26 16:15:13.431
568,9,2025-05-04,08:30:00,17:30:00,8.00,present,,2025-05-26 16:15:13.431
569,10,2025-05-04,08:30:00,17:30:00,8.00,present,,2025-05-26 16:15:13.431
570,11,2025-05-04,08:30:00,17:30:00,8.00,present,,2025-05-26 16:15:13.431
571,12,2025-05-04,08:30:00,17:30:00,8.00,present,,2025-05-26 16:15:13.431
572,13,2025-05-04,08:30:00,17:30:00,8.00,present,,2025-05-26 16:15:13.431
573,1,2025-05-05,08:30:00,17:30:00,8.00,present,,2025-05-26 16:15:13.431
574,2,2025-05-05,08:30:00,17:30:00,8.00,present,,2025-05-26 16:15:13.431
575,3,2025-05-05,08:30:00,17:30:00,8.00,present,,2025-05-26 16:15:13.431
576,4,2025-05-05,08:30:00,17:30:00,8.00,present,,2025-05-26 16:15:13.431
577,5,2025-05-05,08:30:00,17:30:00,8.00,present,,2025-05-26 16:15:13.431
578,6,2025-05-05,08:30:00,17:30:00,8.00,present,,2025-05-26 16:15:13.431
579,7,2025-05-05,08:30:00,17:30:00,8.00,present,,2025-05-26 16:15:13.431
580,8,2025-05-05,08:30:00,17:30:00,8.00,present,,2025-05-26 16:15:13.431
581,9,2025-05-05,08:30:00,17:30:00,8.00,present,,2025-05-26 16:15:13.431
582,10,2025-05-05,08:30:00,17:30:00,8.00,present,,2025-05-26 16:15:13.431
583,11,2025-05-05,08:30:00,17:30:00,8.00,present,,2025-05-26 16:15:13.431
584,12,2025-05-05,08:30:00,17:30:00,8.00,present,,2025-05-26 16:15:13.431
585,13,2025-05-05,08:30:00,17:30:00,8.00,present,,2025-05-26 16:15:13.431
586,1,2025-05-06,08:30:00,17:30:00,8.00,present,,2025-05-26 16:15:13.431
587,2,2025-05-06,08:30:00,17:30:00,8.00,present,,2025-05-26 16:15:13.431
588,3,2025-05-06,08:30:00,17:30:00,8.00,present,,2025-05-26 16:15:13.431
589,4,2025-05-06,08:30:00,17:30:00,8.00,present,,2025-05-26 16:15:13.431
590,5,2025-05-06,08:30:00,17:30:00,8.00,present,,2025-05-26 16:15:13.431
591,6,2025-05-06,08:30:00,17:30:00,8.00,present,,2025-05-26 16:15:13.431
592,7,2025-05-06,08:30:00,17:30:00,8.00,present,,2025-05-26 16:15:13.431
593,8,2025-05-06,08:30:00,17:30:00,8.00,present,,2025-05-26 16:15:13.431
594,9,2025-05-06,08:30:00,17:30:00,8.00,present,,2025-05-26 16:15:13.431
595,10,2025-05-06,08:30:00,17:30:00,8.00,present,,2025-05-26 16:15:13.431
596,11,2025-05-06,08:30:00,17:30:00,8.00,present,,2025-05-26 16:15:13.431
597,12,2025-05-06,08:30:00,17:30:00,8.00,present,,2025-05-26 16:15:13.431
598,13,2025-05-06,08:30:00,17:30:00,8.00,present,,2025-05-26 16:15:13.431
599,1,2025-05-07,08:30:00,17:30:00,8.00,present,,2025-05-26 16:15:13.431
600,2,2025-05-07,08:30:00,17:30:00,8.00,present,,2025-05-26 16:15:13.431
601,3,2025-05-07,08:30:00,17:30:00,8.00,present,,2025-05-26 16:15:13.431
602,4,2025-05-07,08:30:00,17:30:00,8.00,present,,2025-05-26 16:15:13.431
603,5,2025-05-07,08:30:00,17:30:00,8.00,present,,2025-05-26 16:15:13.431
604,6,2025-05-07,08:30:00,17:30:00,8.00,present,,2025-05-26 16:15:13.431
605,7,2025-05-07,08:30:00,17:30:00,8.00,present,,2025-05-26 16:15:13.431
606,8,2025-05-07,08:30:00,17:30:00,8.00,present,,2025-05-26 16:15:13.431
607,9,2025-05-07,08:30:00,17:30:00,8.00,present,,2025-05-26 16:15:13.431
608,10,2025-05-07,08:30:00,17:30:00,8.00,present,,2025-05-26 16:15:13.431
609,11,2025-05-07,08:30:00,17:30:00,8.00,present,,2025-05-26 16:15:13.431
610,12,2025-05-07,08:30:00,17:30:00,8.00,present,,2025-05-26 16:15:13.431
611,13,2025-05-07,08:30:00,17:30:00,8.00,present,,2025-05-26 16:15:13.431
612,1,2025-05-08,08:30:00,17:30:00,8.00,present,,2025-05-26 16:15:13.431
613,2,2025-05-08,08:30:00,17:30:00,8.00,present,,2025-05-26 16:15:13.431
614,3,2025-05-08,08:30:00,17:30:00,8.00,present,,2025-05-26 16:15:13.431
615,4,2025-05-08,08:30:00,17:30:00,8.00,present,,2025-05-26 16:15:13.431
616,5,2025-05-08,08:30:00,17:30:00,8.00,present,,2025-05-26 16:15:13.431
617,6,2025-05-08,08:30:00,17:30:00,8.00,present,,2025-05-26 16:15:13.431
618,7,2025-05-08,08:30:00,17:30:00,8.00,present,,2025-05-26 16:15:13.431
619,8,2025-05-08,08:30:00,17:30:00,8.00,present,,2025-05-26 16:15:13.431
620,9,2025-05-08,08:30:00,17:30:00,8.00,present,,2025-05-26 16:15:13.431
621,10,2025-05-08,08:30:00,17:30:00,8.00,present,,2025-05-26 16:15:13.431
622,11,2025-05-08,08:30:00,17:30:00,8.00,present,,2025-05-26 16:15:13.431
623,12,2025-05-08,08:30:00,17:30:00,8.00,present,,2025-05-26 16:15:13.431
624,13,2025-05-08,08:30:00,17:30:00,8.00,present,,2025-05-26 16:15:13.431
625,1,2025-05-11,08:30:00,17:30:00,8.00,present,,2025-05-26 16:15:13.431
626,2,2025-05-11,08:30:00,17:30:00,8.00,present,,2025-05-26 16:15:13.431
627,3,2025-05-11,08:30:00,17:30:00,8.00,present,,2025-05-26 16:15:13.431
628,4,2025-05-11,08:30:00,17:30:00,8.00,present,,2025-05-26 16:15:13.431
629,5,2025-05-11,,,0.00,absent,,2025-05-26 16:15:13.431
630,6,2025-05-11,08:30:00,17:30:00,8.00,present,,2025-05-26 16:15:13.431
631,7,2025-05-11,08:30:00,17:30:00,8.00,present,,2025-05-26 16:15:13.431
632,8,2025-05-11,08:30:00,17:30:00,8.00,present,,2025-05-26 16:15:13.431
633,9,2025-05-11,08:30:00,17:30:00,8.00,present,,2025-05-26 16:15:13.431
634,10,2025-05-11,08:30:00,17:30:00,8.00,present,,2025-05-26 16:15:13.431
635,11,2025-05-11,08:30:00,17:30:00,8.00,present,,2025-05-26 16:15:13.431
636,12,2025-05-11,08:30:00,17:30:00,8.00,present,,2025-05-26 16:15:13.431
637,13,2025-05-11,08:30:00,17:30:00,8.00,present,,2025-05-26 16:15:13.431
638,1,2025-05-12,08:30:00,17:30:00,8.00,present,,2025-05-26 16:15:13.431
639,2,2025-05-12,08:30:00,17:30:00,8.00,present,,2025-05-26 16:15:13.431
640,3,2025-05-12,08:30:00,17:30:00,8.00,present,,2025-05-26 16:15:13.431
641,4,2025-05-12,08:30:00,17:30:00,8.00,present,,2025-05-26 16:15:13.431
642,5,2025-05-12,08:30:00,17:30:00,8.00,present,,2025-05-26 16:15:13.431
643,6,2025-05-12,08:30:00,17:30:00,8.00,present,,2025-05-26 16:15:13.431
644,7,2025-05-12,08:30:00,17:30:00,8.00,present,,2025-05-26 16:15:13.431
645,8,2025-05-12,08:30:00,17:30:00,8.00,present,,2025-05-26 16:15:13.431
646,9,2025-05-12,08:30:00,17:30:00,8.00,present,,2025-05-26 16:15:13.431
647,10,2025-05-12,08:30:00,17:30:00,8.00,present,,2025-05-26 16:15:13.431
648,11,2025-05-12,08:30:00,17:30:00,8.00,present,,2025-05-26 16:15:13.431
649,12,2025-05-12,08:30:00,17:30:00,8.00,present,,2025-05-26 16:15:13.431
650,13,2025-05-12,08:30:00,17:30:00,8.00,present,,2025-05-26 16:15:13.431
651,1,2025-05-13,08:30:00,17:30:00,8.00,present,,2025-05-26 16:15:13.431
652,2,2025-05-13,08:30:00,17:30:00,8.00,present,,2025-05-26 16:15:13.431
653,3,2025-05-13,08:30:00,17:30:00,8.00,present,,2025-05-26 16:15:13.431
654,4,2025-05-13,08:30:00,17:30:00,8.00,present,,2025-05-26 16:15:13.431
655,5,2025-05-13,08:30:00,17:30:00,8.00,present,,2025-05-26 16:15:13.431
656,6,2025-05-13,08:30:00,17:30:00,8.00,present,,2025-05-26 16:15:13.431
657,7,2025-05-13,08:30:00,17:30:00,8.00,present,,2025-05-26 16:15:13.431
658,8,2025-05-13,08:30:00,17:30:00,8.00,present,,2025-05-26 16:15:13.431
659,9,2025-05-13,08:30:00,17:30:00,8.00,present,,2025-05-26 16:15:13.431
660,10,2025-05-13,08:30:00,17:30:00,8.00,present,,2025-05-26 16:15:13.431
661,11,2025-05-13,08:30:00,17:30:00,8.00,present,,2025-05-26 16:15:13.431
662,12,2025-05-13,08:30:00,17:30:00,8.00,present,,2025-05-26 16:15:13.431
663,13,2025-05-13,08:30:00,17:30:00,8.00,present,,2025-05-26 16:15:13.431
664,1,2025-05-14,08:30:00,17:30:00,8.00,present,,2025-05-26 16:15:13.431
665,2,2025-05-14,08:30:00,17:30:00,8.00,present,,2025-05-26 16:15:13.431
666,3,2025-05-14,08:30:00,17:30:00,8.00,present,,2025-05-26 16:15:13.431
667,4,2025-05-14,08:30:00,17:30:00,8.00,present,,2025-05-26 16:15:13.431
668,5,2025-05-14,08:30:00,17:30:00,8.00,present,,2025-05-26 16:15:13.431
669,6,2025-05-14,08:30:00,17:30:00,8.00,present,,2025-05-26 16:15:13.431
670,7,2025-05-14,08:30:00,17:30:00,8.00,present,,2025-05-26 16:15:13.431
671,8,2025-05-14,08:30:00,17:30:00,8.00,present,,2025-05-26 16:15:13.431
672,9,2025-05-14,08:30:00,17:30:00,8.00,present,,2025-05-26 16:15:13.431
673,10,2025-05-14,08:30:00,17:30:00,8.00,present,,2025-05-26 16:15:13.431
674,11,2025-05-14,08:30:00,17:30:00,8.00,present,,2025-05-26 16:15:13.431
675,12,2025-05-14,08:30:00,17:30:00,8.00,present,,2025-05-26 16:15:13.431
676,13,2025-05-14,08:30:00,17:30:00,8.00,present,,2025-05-26 16:15:13.431
677,1,2025-05-15,08:30:00,17:30:00,8.00,present,,2025-05-26 16:15:13.431
678,2,2025-05-15,08:30:00,17:30:00,8.00,present,,2025-05-26 16:15:13.431
679,3,2025-05-15,08:30:00,17:30:00,8.00,present,,2025-05-26 16:15:13.431
680,4,2025-05-15,08:30:00,17:30:00,8.00,present,,2025-05-26 16:15:13.431
681,5,2025-05-15,08:30:00,17:30:00,8.00,present,,2025-05-26 16:15:13.431
682,6,2025-05-15,08:30:00,17:30:00,8.00,present,,2025-05-26 16:15:13.431
683,7,2025-05-15,08:30:00,17:30:00,8.00,present,,2025-05-26 16:15:13.431
684,8,2025-05-15,08:30:00,17:30:00,8.00,present,,2025-05-26 16:15:13.431
685,9,2025-05-15,08:30:00,17:30:00,8.00,present,,2025-05-26 16:15:13.431
686,10,2025-05-15,08:30:00,17:30:00,8.00,present,,2025-05-26 16:15:13.431
687,11,2025-05-15,08:30:00,17:30:00,8.00,present,,2025-05-26 16:15:13.431
688,12,2025-05-15,08:30:00,17:30:00,8.00,present,,2025-05-26 16:15:13.431
689,13,2025-05-15,08:30:00,17:30:00,8.00,present,,2025-05-26 16:15:13.431
690,1,2025-05-18,08:30:00,17:30:00,8.00,present,,2025-05-26 16:15:13.431
691,2,2025-05-18,08:30:00,17:30:00,8.00,present,,2025-05-26 16:15:13.431
692,3,2025-05-18,08:30:00,17:30:00,8.00,present,,2025-05-26 16:15:13.431
693,4,2025-05-18,08:30:00,17:30:00,8.00,present,,2025-05-26 16:15:13.431
694,5,2025-05-18,08:30:00,17:30:00,8.00,present,,2025-05-26 16:15:13.431
695,6,2025-05-18,08:30:00,17:30:00,8.00,present,,2025-05-26 16:15:13.431
696,7,2025-05-18,08:30:00,17:30:00,8.00,present,,2025-05-26 16:15:13.431
697,8,2025-05-18,08:30:00,17:30:00,8.00,present,,2025-05-26 16:15:13.431
698,9,2025-05-18,08:30:00,17:30:00,8.00,present,,2025-05-26 16:15:13.431
699,10,2025-05-18,08:30:00,17:30:00,8.00,present,,2025-05-26 16:15:13.431
700,11,2025-05-18,08:30:00,17:30:00,8.00,present,,2025-05-26 16:15:13.431
701,12,2025-05-18,08:30:00,17:30:00,8.00,present,,2025-05-26 16:15:13.431
702,13,2025-05-18,08:30:00,17:30:00,8.00,present,,2025-05-26 16:15:13.431
703,1,2025-05-19,08:30:00,17:30:00,8.00,present,,2025-05-26 16:15:13.431
704,2,2025-05-19,08:30:00,17:30:00,8.00,present,,2025-05-26 16:15:13.431
705,3,2025-05-19,08:30:00,17:30:00,8.00,present,,2025-05-26 16:15:13.431
706,4,2025-05-19,08:30:00,17:30:00,8.00,present,,2025-05-26 16:15:13.431
707,5,2025-05-19,08:30:00,17:30:00,8.00,present,,2025-05-26 16:15:13.431
708,6,2025-05-19,08:30:00,17:30:00,8.00,present,,2025-05-26 16:15:13.431
709,7,2025-05-19,08:30:00,17:30:00,8.00,present,,2025-05-26 16:15:13.431
710,8,2025-05-19,08:30:00,17:30:00,8.00,present,,2025-05-26 16:15:13.431
711,9,2025-05-19,08:30:00,17:30:00,8.00,present,,2025-05-26 16:15:13.431
712,10,2025-05-19,08:30:00,17:30:00,8.00,present,,2025-05-26 16:15:13.431
713,11,2025-05-19,08:30:00,17:30:00,8.00,present,,2025-05-26 16:15:13.431
714,12,2025-05-19,08:30:00,17:30:00,8.00,present,,2025-05-26 16:15:13.431
715,13,2025-05-19,08:30:00,17:30:00,8.00,present,,2025-05-26 16:15:13.431
716,1,2025-05-20,08:30:00,17:30:00,8.00,present,,2025-05-26 16:15:13.431
717,2,2025-05-20,08:30:00,17:30:00,8.00,present,,2025-05-26 16:15:13.431
718,3,2025-05-20,08:30:00,17:30:00,8.00,present,,2025-05-26 16:15:13.431
719,4,2025-05-20,08:30:00,17:30:00,8.00,present,,2025-05-26 16:15:13.431
720,5,2025-05-20,08:30:00,17:30:00,8.00,present,,2025-05-26 16:15:13.431
721,6,2025-05-20,08:30:00,17:30:00,8.00,present,,2025-05-26 16:15:13.431
722,7,2025-05-20,08:30:00,17:30:00,8.00,present,,2025-05-26 16:15:13.431
723,8,2025-05-20,08:30:00,17:30:00,8.00,present,,2025-05-26 16:15:13.431
724,9,2025-05-20,08:30:00,17:30:00,8.00,present,,2025-05-26 16:15:13.431
725,10,2025-05-20,08:30:00,17:30:00,8.00,present,,2025-05-26 16:15:13.431
726,11,2025-05-20,08:30:00,17:30:00,8.00,present,,2025-05-26 16:15:13.431
727,12,2025-05-20,08:30:00,17:30:00,8.00,present,,2025-05-26 16:15:13.431
728,13,2025-05-20,08:30:00,17:30:00,8.00,present,,2025-05-26 16:15:13.431
729,1,2025-05-21,08:30:00,17:30:00,8.00,present,,2025-05-26 16:15:13.431
730,2,2025-05-21,08:30:00,17:30:00,8.00,present,,2025-05-26 16:15:13.431
731,3,2025-05-21,08:30:00,17:30:00,8.00,present,,2025-05-26 16:15:13.431
732,4,2025-05-21,08:30:00,17:30:00,8.00,present,,2025-05-26 16:15:13.431
733,5,2025-05-21,08:30:00,17:30:00,8.00,present,,2025-05-26 16:15:13.431
734,6,2025-05-21,08:30:00,17:30:00,8.00,present,,2025-05-26 16:15:13.431
735,7,2025-05-21,08:30:00,17:30:00,8.00,present,,2025-05-26 16:15:13.431
736,8,2025-05-21,08:30:00,17:30:00,8.00,present,,2025-05-26 16:15:13.431
737,9,2025-05-21,08:30:00,17:30:00,8.00,present,,2025-05-26 16:15:13.431
738,10,2025-05-21,08:30:00,17:30:00,8.00,present,,2025-05-26 16:15:13.431
739,11,2025-05-21,08:30:00,17:30:00,8.00,present,,2025-05-26 16:15:13.431
740,12,2025-05-21,08:30:00,17:30:00,8.00,present,,2025-05-26 16:15:13.431
741,13,2025-05-21,08:30:00,17:30:00,8.00,present,,2025-05-26 16:15:13.431
742,1,2025-05-22,08:30:00,17:30:00,8.00,present,,2025-05-26 16:15:13.431
743,2,2025-05-22,08:30:00,17:30:00,8.00,present,,2025-05-26 16:15:13.431
744,3,2025-05-22,08:30:00,17:30:00,8.00,present,,2025-05-26 16:15:13.431
745,4,2025-05-22,08:30:00,17:30:00,8.00,present,,2025-05-26 16:15:13.431
746,5,2025-05-22,08:30:00,17:30:00,8.00,present,,2025-05-26 16:15:13.431
747,6,2025-05-22,08:30:00,17:30:00,8.00,present,,2025-05-26 16:15:13.431
748,7,2025-05-22,08:30:00,17:30:00,8.00,present,,2025-05-26 16:15:13.431
749,8,2025-05-22,08:30:00,17:30:00,8.00,present,,2025-05-26 16:15:13.431
750,9,2025-05-22,08:30:00,17:30:00,8.00,present,,2025-05-26 16:15:13.431
751,10,2025-05-22,08:30:00,17:30:00,8.00,present,,2025-05-26 16:15:13.431
752,11,2025-05-22,08:30:00,17:30:00,8.00,present,,2025-05-26 16:15:13.431
753,12,2025-05-22,08:30:00,17:30:00,8.00,present,,2025-05-26 16:15:13.431
754,13,2025-05-22,08:30:00,17:30:00,8.00,present,,2025-05-26 16:15:13.431
756,2,2025-05-25,08:30:00,17:30:00,8.00,present,,2025-05-26 16:15:13.431
757,3,2025-05-25,08:30:00,17:30:00,8.00,present,,2025-05-26 16:15:13.431
758,4,2025-05-25,08:30:00,17:30:00,8.00,present,,2025-05-26 16:15:13.431
759,5,2025-05-25,08:30:00,17:30:00,8.00,present,,2025-05-26 16:15:13.431
760,6,2025-05-25,08:30:00,17:30:00,8.00,present,,2025-05-26 16:15:13.431
761,7,2025-05-25,08:30:00,17:30:00,8.00,present,,2025-05-26 16:15:13.431
762,8,2025-05-25,08:30:00,17:30:00,8.00,present,,2025-05-26 16:15:13.431
763,9,2025-05-25,08:30:00,17:30:00,8.00,present,,2025-05-26 16:15:13.431
764,10,2025-05-25,08:30:00,17:30:00,8.00,present,,2025-05-26 16:15:13.431
765,11,2025-05-25,08:30:00,17:30:00,8.00,present,,2025-05-26 16:15:13.431
766,12,2025-05-25,08:30:00,17:30:00,8.00,present,,2025-05-26 16:15:13.431
767,13,2025-05-25,08:30:00,17:30:00,8.00,present,,2025-05-26 16:15:13.431
768,1,2025-05-26,,,0.00,absent,,2025-05-26 16:15:13.431
769,2,2025-05-26,08:30:00,17:30:00,8.00,present,,2025-05-26 16:15:13.431
770,3,2025-05-26,08:30:00,17:30:00,8.00,present,,2025-05-26 16:15:13.431
771,4,2025-05-26,08:30:00,17:30:00,8.00,present,,2025-05-26 16:15:13.431
772,5,2025-05-26,08:30:00,17:30:00,8.00,present,,2025-05-26 16:15:13.431
773,6,2025-05-26,08:30:00,17:30:00,8.00,present,,2025-05-26 16:15:13.431
774,7,2025-05-26,08:30:00,17:30:00,8.00,present,,2025-05-26 16:15:13.431
775,8,2025-05-26,08:30:00,17:30:00,8.00,present,,2025-05-26 16:15:13.431
776,9,2025-05-26,08:30:00,17:30:00,8.00,present,,2025-05-26 16:15:13.431
777,10,2025-05-26,08:30:00,17:30:00,8.00,present,,2025-05-26 16:15:13.431
778,11,2025-05-26,08:30:00,17:30:00,8.00,present,,2025-05-26 16:15:13.431
779,12,2025-05-26,08:30:00,17:30:00,8.00,present,,2025-05-26 16:15:13.431
780,13,2025-05-26,08:30:00,17:30:00,8.00,present,,2025-05-26 16:15:13.431
782,2,2025-05-27,08:30:00,17:30:00,8.00,present,,2025-05-26 16:15:13.431
783,3,2025-05-27,08:30:00,17:30:00,8.00,present,,2025-05-26 16:15:13.431
784,4,2025-05-27,08:30:00,17:30:00,8.00,present,,2025-05-26 16:15:13.431
785,5,2025-05-27,08:30:00,17:30:00,8.00,present,,2025-05-26 16:15:13.431
786,6,2025-05-27,08:30:00,17:30:00,8.00,present,,2025-05-26 16:15:13.431
787,7,2025-05-27,08:30:00,17:30:00,8.00,present,,2025-05-26 16:15:13.431
788,8,2025-05-27,08:30:00,17:30:00,8.00,present,,2025-05-26 16:15:13.431
789,9,2025-05-27,08:30:00,17:30:00,8.00,present,,2025-05-26 16:15:13.431
790,10,2025-05-27,08:30:00,17:30:00,8.00,present,,2025-05-26 16:15:13.431
791,11,2025-05-27,08:30:00,17:30:00,8.00,present,,2025-05-26 16:15:13.431
792,12,2025-05-27,08:30:00,17:30:00,8.00,present,,2025-05-26 16:15:13.431
793,13,2025-05-27,08:30:00,17:30:00,8.00,present,,2025-05-26 16:15:13.431
794,1,2025-05-28,,,0.00,absent,,2025-05-26 16:15:13.431
795,2,2025-05-28,08:30:00,17:30:00,8.00,present,,2025-05-26 16:15:13.431
796,3,2025-05-28,08:30:00,17:30:00,8.00,present,,2025-05-26 16:15:13.431
797,4,2025-05-28,08:30:00,17:30:00,8.00,present,,2025-05-26 16:15:13.431
798,5,2025-05-28,08:30:00,17:30:00,8.00,present,,2025-05-26 16:15:13.431
799,6,2025-05-28,08:30:00,17:30:00,8.00,present,,2025-05-26 16:15:13.431
800,7,2025-05-28,08:30:00,17:30:00,8.00,present,,2025-05-26 16:15:13.431
801,8,2025-05-28,08:30:00,17:30:00,8.00,present,,2025-05-26 16:15:13.431
802,9,2025-05-28,08:30:00,17:30:00,8.00,present,,2025-05-26 16:15:13.431
803,10,2025-05-28,08:30:00,17:30:00,8.00,present,,2025-05-26 16:15:13.431
804,11,2025-05-28,08:30:00,17:30:00,8.00,present,,2025-05-26 16:15:13.431
805,12,2025-05-28,08:30:00,17:30:00,8.00,present,,2025-05-26 16:15:13.431
806,13,2025-05-28,08:30:00,17:30:00,8.00,present,,2025-05-26 16:15:13.431
807,1,2025-05-29,,,0.00,absent,,2025-05-26 16:15:13.431
808,2,2025-05-29,08:30:00,17:30:00,8.00,present,,2025-05-26 16:15:13.431
809,3,2025-05-29,08:30:00,17:30:00,8.00,present,,2025-05-26 16:15:13.431
810,4,2025-05-29,08:30:00,17:30:00,8.00,present,,2025-05-26 16:15:13.431
811,5,2025-05-29,08:30:00,17:30:00,8.00,present,,2025-05-26 16:15:13.431
812,6,2025-05-29,08:30:00,17:30:00,8.00,present,,2025-05-26 16:15:13.431
813,7,2025-05-29,08:30:00,17:30:00,8.00,present,,2025-05-26 16:15:13.431
814,8,2025-05-29,08:30:00,17:30:00,8.00,present,,2025-05-26 16:15:13.431
815,9,2025-05-29,08:30:00,17:30:00,8.00,present,,2025-05-26 16:15:13.431
816,10,2025-05-29,08:30:00,17:30:00,8.00,present,,2025-05-26 16:15:13.431
817,11,2025-05-29,08:30:00,17:30:00,8.00,present,,2025-05-26 16:15:13.431
818,12,2025-05-29,08:30:00,17:30:00,8.00,present,,2025-05-26 16:15:13.431
819,13,2025-05-29,08:30:00,17:30:00,8.00,present,,2025-05-26 16:15:13.431
